timestamp,ground_truth,markers,range,filtered
2024-08-26 19:32:53.000,0.0013475792213619498,0.0255054737515748,0.0067376455916376,0.0161135984075708
2024-08-26 19:32:53.100,0.0013457178925335499,0.0255054737515748,-0.0057189922510369,0.0101399212056722
2024-08-26 19:32:53.200,0.0013268423659778333,0.0255054737515748,0.0045953502175378,0.0101399212056722
2024-08-26 19:32:53.300,0.0013145910189562,0.0255054737515748,-0.0009150419786929,0.0142556290977058
2024-08-26 19:32:53.400,0.0013217494972486,0.0255054737515748,-0.0009150419786929,0.0124629188840472
2024-08-26 19:32:53.500,0.0013134460446956335,0.0255054737515748,-0.0024264687662481,0.0115432778851485
2024-08-26 19:32:53.600,0.001302647758687,0.0255054737515748,0.0125098279545889,0.0178862283260539
2024-08-26 19:32:53.700,0.0012941269890707333,0.0255054737515748,-0.0043108225839037,0.0178862283260539
2024-08-26 19:32:53.800,0.0012844734097909,0.0255054737515748,0.005209027114553,0.0117029912537726
2024-08-26 19:32:53.900,0.0012838347254553,0.0255054737515748,0.001376670297473,0.0147461642669447
2024-08-26 19:32:54.000,0.0012772170512696,0.0255054737515748,0.001376670297473,0.013628888787129
2024-08-26 19:32:54.100,0.0012746279368238,0.0255054737515748,-1.4098268344298548e-05,0.0128500637919197
2024-08-26 19:32:54.200,0.0012693223533366,0.0255054737515748,0.002744172076419,0.0138949331929828
2024-08-26 19:32:54.300,0.0012644682787433666,0.0255054737515748,0.006505239653023,0.0138949331929828
2024-08-26 19:32:54.400,0.001252841286909,0.0255054737515748,0.002625775746568,0.0156720790740502
2024-08-26 19:32:54.500,0.00123567385500675,0.02553745102737235,0.0040481709484038,0.0143287033273736
2024-08-26 19:32:54.600,0.0012430605039685666,0.0255694283031699,0.0053716409894956,0.0147292305526323
2024-08-26 19:32:54.700,0.0012301190829635,0.0255694283031699,0.0053716409894956,0.0153580726672341
2024-08-26 19:32:54.800,0.0012157932734207335,0.0255694283031699,-0.0064807193253383,0.0104487370944785
2024-08-26 19:32:54.900,0.0012042870198274002,0.0255694283031699,-0.0024863384229853,0.0104487370944785
2024-08-26 19:32:55.000,0.0012066755504366667,0.0255694283031699,-0.0021127060019745,0.0113048323087536
2024-08-26 19:32:55.100,0.00119501117422245,0.0255694283031699,0.0026456733839661,0.0116149046806265
2024-08-26 19:32:55.200,0.0011847905137347,0.0255694283031699,0.0026456733839661,0.0136838867108911
2024-08-26 19:32:55.300,0.0011743075501278,0.0234608195249355,0.0013008662421809,0.0125793244750135
2024-08-26 19:32:55.400,0.0011796146255168333,0.0234608195249355,0.0081466318568767,0.0125793244750135
2024-08-26 19:32:55.500,0.0011658600275147998,0.0234608195249355,-0.0016322566152542,0.0152849223712878
2024-08-26 19:32:55.600,0.0011692787876326333,0.0234608195249355,-0.0049170166886957,0.0116146336076496
2024-08-26 19:32:55.700,0.00113948818250705,0.0234608195249355,-0.0049170166886957,0.0096011389759815
2024-08-26 19:32:55.800,0.0011443576931604,0.0234608195249355,0.0085711236322112,0.014960009595732
2024-08-26 19:32:55.900,0.0011332421660349998,0.0234608195249355,0.0013863347782831,0.014960009595732
2024-08-26 19:32:56.000,0.00112780163010745,0.0234608195249355,-0.0012190317972676,0.0128416658391274
2024-08-26 19:32:56.100,0.0011197254322694002,0.0234608195249355,0.0009154630080301,0.0113789002436162
2024-08-26 19:32:56.200,0.00110290560421725,0.0234608195249355,0.0009154630080301,0.0120326296372583
2024-08-26 19:32:56.300,0.00109861890275015,0.0234608195249355,-0.0052892753161426,0.0120326296372583
2024-08-26 19:32:56.400,0.0011010143782501666,0.0234608195249355,-0.0035938034259131,0.0095261347090946
2024-08-26 19:32:56.500,0.0010797390993557,0.0234608195249355,0.0029491253792306,0.0098177076163007
2024-08-26 19:32:56.600,0.0010839386685321,0.0234608195249355,0.0029491253792306,0.0126352891477027
2024-08-26 19:32:56.700,0.00107422851427,0.0234608195249355,0.0046583626422059,0.0138401519843113
2024-08-26 19:32:56.800,0.0010735433313050998,0.023374627232365948,0.0005456073060354,0.0138401519843113
2024-08-26 19:32:56.900,0.0010655043328808,0.0234608195249355,0.0087030081586052,0.0123080664714012
2024-08-26 19:32:57.000,0.0010608052361904502,0.023374627232365948,-0.0031565079970863,0.0154904515293955
2024-08-26 19:32:57.100,0.00105976138934895,0.0232884349397964,-0.0031565079970863,0.0109512490075107
2024-08-26 19:32:57.200,0.0010402702948617,0.023374627232365948,0.0013144778294313,0.0109512490075107
2024-08-26 19:32:57.300,0.0010350932389293,0.0232884349397964,-0.0016966988842474,0.0120635086036871
2024-08-26 19:32:57.400,0.0010254637360995,0.0232884349397964,0.0013683786196766,0.0109837337517745
2024-08-26 19:32:57.500,0.0010210286530378,0.0232884349397964,0.0013683786196766,0.0120952664644484
2024-08-26 19:32:57.600,0.0010196181328128002,0.0232884349397964,0.0035447293555129,0.013205484443533
2024-08-26 19:32:57.700,0.00101186843253125,0.0232884349397964,0.0071935972679896,0.013205484443533
2024-08-26 19:32:57.800,0.0010065103772156669,0.0232884349397964,-0.0009474851320282,0.0149355311184105
2024-08-26 19:32:57.900,0.00099506113233255,0.0232884349397964,-0.0009474851320282,0.0117910574734128
2024-08-26 19:32:58.000,0.00097789322205875,0.0232884349397964,-0.0053478738563494,0.0093950525174509
2024-08-26 19:32:58.100,0.0009572853777749667,0.0232884349397964,-0.0004289683110911,0.0093950525174509
2024-08-26 19:32:58.200,0.0009668808251270501,0.0232884349397964,0.0021180339725512,0.0110659692188365
2024-08-26 19:32:58.300,0.0009507042232061,0.0232884349397964,0.0045491392206635,0.012429971621414
2024-08-26 19:32:58.400,0.00094233502886925,0.0232884349397964,-0.0020930001495544,0.0136901686177648
2024-08-26 19:32:58.500,0.0009254886330068334,0.0232884349397964,-0.0020930001495544,0.0110995351741464
2024-08-26 19:32:58.600,0.0009178674333338,0.0232884349397964,-0.0003409155682348,0.0113969083726826
2024-08-26 19:32:58.700,0.00089749731071405,0.0232884349397964,-0.0025380779671864,0.0113969083726826
2024-08-26 19:32:58.800,0.0009076582164221334,0.0232884349397964,0.0006478131522459,0.0105214668959876
2024-08-26 19:32:58.900,0.0009037172652085999,0.0232884349397964,0.0006301453940015,0.0117190258139936
2024-08-26 19:32:59.000,0.0008979724068605999,0.0232884349397964,0.0087191029931328,0.01191744183676
2024-08-26 19:32:59.100,0.0008860240220438,0.0232884349397964,0.0087191029931328,0.0153671350148137
2024-08-26 19:32:59.200,0.0008561079835557333,0.0232884349397964,-0.0040553653560134,0.0105598228127369
2024-08-26 19:32:59.300,0.00086440250258585,0.0232884349397964,-0.0076591886846666,0.0105598228127369
2024-08-26 19:32:59.400,0.00085933581928625,0.0232884349397964,0.0061435162531725,0.0082161488791269
2024-08-26 19:32:59.500,0.0008539041399786001,0.0232884349397964,0.0061435162531725,0.0136481643871293
2024-08-26 19:32:59.600,0.00084288390256175,0.0232884349397964,-0.0028745350995112,0.0107692644952324
2024-08-26 19:32:59.700,0.0008461872291655667,0.0232884349397964,-0.0049962682798914,0.0107692644952324
2024-08-26 19:32:59.800,0.00083026986835975,0.0232884349397964,0.0095302525964366,0.0093813291289672
2024-08-26 19:32:59.900,0.0008211450148639666,0.0232884349397964,-0.005799524381118,0.0152807089207372
2024-08-26 19:33:00.000,0.00081678141770375,0.0232884349397964,-0.005799524381118,0.0098141850971949
2024-08-26 19:33:00.100,0.0008022221473084,0.0232884349397964,0.0071073427578868,0.0143296022548375
2024-08-26 19:33:00.200,0.0007956873987863501,0.0232884349397964,-0.0173569225128251,0.0047703270406724
2024-08-26 19:33:00.300,0.00079114917747165,0.0232884349397964,-0.0002820848362763,0.0047703270406724
2024-08-26 19:33:00.400,0.0007968870109369001,0.0232884349397964,-0.0005580254904947,0.0103512401311891
2024-08-26 19:33:00.500,0.0007863650866941999,0.0232884349397964,-0.0005580254904947,0.0111934547527849
2024-08-26 19:33:00.600,0.00077577222034095,0.0232884349397964,-0.0107245844483485,0.0070451827960515
2024-08-26 19:33:00.700,0.0007735845967830668,0.0232884349397964,-0.0025925041943983,0.0070451827960515
2024-08-26 19:33:00.800,0.00075897510540685,0.0232884349397964,-0.0011610529611696,0.0097736336606213
2024-08-26 19:33:00.900,0.0007485525911148333,0.0232884349397964,0.0072823003118368,0.0108476515455658
2024-08-26 19:33:01.000,0.00074599362396195,0.0232884349397964,-0.0027374481044121,0.0145968807915245
2024-08-26 19:33:01.100,0.0007431745258061,0.0232884349397964,-0.0027374481044121,0.0145968807915245
2024-08-26 19:33:01.200,0.00072940030500395,0.0232884349397964,-0.0008089466144834,0.0110034184958657
2024-08-26 19:33:01.300,0.00072973447580125,0.0232884349397964,-0.0008089466144834,0.0112014969952209
2024-08-26 19:33:01.400,0.00072320135998045,0.0232884349397964,0.0019064881089778,0.0112014969952209
2024-08-26 19:33:01.500,0.0007274149513151,0.0232884349397964,-0.0031437611215839,0.0123818976403933
2024-08-26 19:33:01.600,0.00071523410218695,0.0232884349397964,-0.0044380226087747,0.0104500136391532
2024-08-26 19:33:01.700,0.0007135804336665999,0.0232884349397964,0.0045544539793388,0.0095733062606832
2024-08-26 19:33:01.800,0.0007000771559030999,0.0232884349397964,0.0045544539793388,0.0132223272834865
2024-08-26 19:33:01.900,0.00069476062731015,0.0232884349397964,-0.0037777521970505,0.0103266783611414
2024-08-26 19:33:02.000,0.0006749879142147333,0.0232884349397964,0.0023194285443289,0.0103266783611414
2024-08-26 19:33:02.100,0.0006548736166012,0.0232884349397964,-0.0012549828313642,0.0124058302777606
2024-08-26 19:33:02.200,0.0006658873984752333,0.0084353062254695,-0.0099107857402735,0.0112512725975024
2024-08-26 19:33:02.300,0.0006461269444777,0.0232884349397964,-0.0099107857402735,0.0011266803815431
2024-08-26 19:33:02.400,0.0006486709177342,0.0084353062254695,0.0050063680280492,0.0119755591251764
2024-08-26 19:33:02.500,0.0006354817460216333,0.0084353062254695,0.0040430089598443,0.0119755591251764
2024-08-26 19:33:02.600,0.00061887971360085,-0.000632763606393,0.0038385004144438,0.0071554919234281
2024-08-26 19:33:02.700,0.00060855408935365,-0.000632763606393,0.0004065722952578,0.0024183533104504
2024-08-26 19:33:02.800,0.0006033558170751999,-0.000632763606393,0.0004065722952578,0.000168255433372
2024-08-26 19:33:02.900,0.00060778321138195,-0.000632763606393,0.001123277795907,0.000168255433372
2024-08-26 19:33:03.000,0.00059631523211305,-0.000632763606393,0.0041431191231209,9.878293991837844e-05
2024-08-26 19:33:03.100,0.0005977387174196,-0.000632763606393,0.0041431191231209,0.0013746473651381
2024-08-26 19:33:03.200,0.00057885085416615,-0.000632763606393,0.0021097769811461,0.0007444963388222
2024-08-26 19:33:03.300,0.0005661019338844667,-0.0006327636063939,-0.0001818683327593,0.0007444963388222
2024-08-26 19:33:03.400,0.0005527894392822,-0.0006327636063939,-0.0009153549741234,-0.000321607571088
2024-08-26 19:33:03.500,0.00054785847483085,-0.0006327636063939,-0.003738528332785,-0.0008038669093231
2024-08-26 19:33:03.600,0.0005430584818931667,-0.0006327636063939,-0.0006124695580583,-0.0020685847064818
2024-08-26 19:33:03.700,0.00053293540452245,-0.0006327636063939,-0.0006124695580583,-0.0009545255883095
2024-08-26 19:33:03.800,0.0005285716468611,-0.0006327636063939,-0.0075207576554044,-0.0036720994237078
2024-08-26 19:33:03.900,0.0005232285712487999,-0.0006327636063939,0.0022404692285548,-0.0036720994237078
2024-08-26 19:33:04.000,0.00022506910550769998,-0.0006327636063939,0.0058453470798136,-4.9813444289999e-06
2024-08-26 19:33:04.100,0.0002993688305008,0.019779249222211,-0.0007188543908371,0.0021512223855717
2024-08-26 19:33:04.200,0.00027191726073784325,-0.00320725303537,-0.0013170285716325,0.0083696023957637
2024-08-26 19:33:04.300,-0.0011092328135099332,-0.00320725303537,0.0010667404084474,-0.0005303871510469
2024-08-26 19:33:04.400,-0.009332366095015534,-0.0255389499095873,-0.0039663073982511,-0.0010444531837593
2024-08-26 19:33:04.500,-0.02308457351372745,-0.0158310678389718,-0.018305337025482,-0.0117763839103217
2024-08-26 19:33:04.600,-0.04897400271066543,-0.0606646878660166,-0.0557746018145399,-0.0132612932580274
2024-08-26 19:33:04.700,-0.09200377301125622,-0.0766454504576222,-0.0951266123814863,-0.0514405954888069
2024-08-26 19:33:04.800,-0.14856736028779738,-0.0880004134622377,-0.0951266123814863,-0.0812764833992402
2024-08-26 19:33:04.900,-0.2108446175879968,-0.1411409496903916,-0.156403327411759,-0.1393865624061592
2024-08-26 19:33:05.000,-0.27603773629558886,-0.2191885751835509,-0.2008035140622661,-0.1864929247424266
2024-08-26 19:33:05.100,-0.32627823838338665,-0.328621401385039,-0.2665358875658333,-0.2508319639198396
2024-08-26 19:33:05.200,-0.3739826588858139,-0.3451829391843845,-0.3380049365508318,-0.3235625524176457
2024-08-26 19:33:05.300,-0.4288442020824104,-0.3733979991877698,-0.3810160954934383,-0.3607961023905849
2024-08-26 19:33:05.400,-0.4781156498144273,-0.4314487044297268,-0.4188980034416343,-0.3607961023905849
2024-08-26 19:33:05.500,-0.5222324744384462,-0.5009394529918644,-0.4773496130089625,-0.4485309249053664
2024-08-26 19:33:05.600,-0.556007018950349,-0.5385124118050317,-0.5200093801027614,-0.503618533135713
2024-08-26 19:33:05.700,-0.5866163964978242,-0.5689073741387376,-0.5400523679535071,-0.5383318824287364
2024-08-26 19:33:05.800,-0.6157893400828471,-0.6117210992064159,-0.5799017655943133,-0.5622864287265036
2024-08-26 19:33:05.900,-0.6431072768153507,-0.6435694768514071,-0.6086492538820215,-0.5957303559726629
2024-08-26 19:33:06.000,-0.6714253101210707,-0.6593401936448994,-0.64889230761647,-0.6265239111421745
2024-08-26 19:33:06.100,-0.6937751328122186,-0.6774470443249979,-0.6414271888231706,-0.6549314514865734
2024-08-26 19:33:06.200,-0.7107955180179131,-0.6774470443249979,-0.678614073017715,-0.6637781895789996
2024-08-26 19:33:06.300,-0.7258941322109864,-0.7004389877398202,-0.678614073017715,-0.6637781895789996
2024-08-26 19:33:06.400,-0.7410167108301806,-0.7351856474704572,-0.6788487756611614,-0.6903209199113746
2024-08-26 19:33:06.500,-0.7537643531445367,-0.7475720091209099,-0.7031062902441658,-0.7193094055750239
2024-08-26 19:33:06.600,-0.7665075395025456,-0.8029344118716901,-0.706397526419737,-0.7304242632670499
2024-08-26 19:33:06.700,-0.7784126945904419,-0.7832969010903628,-0.7326948774616509,-0.7580700836621301
2024-08-26 19:33:06.800,-0.7893467523344763,-0.7942269677878147,-0.7559899899262168,-0.7795488205437406
2024-08-26 19:33:06.900,-0.798716478217206,-0.7961795139871083,-0.7957032411135149,-0.7940948351477793
2024-08-26 19:33:07.000,-0.7945423054688329,-0.8098045820230888,-0.745519897493969,-0.7940948351477793
2024-08-26 19:33:07.100,-0.7786521983675817,-0.8183853765579734,-0.755358889256449,-0.7842920298154217
2024-08-26 19:33:07.200,-0.7590509813230382,-0.7975898077232986,-0.7387378447994424,-0.7900224079844999
2024-08-26 19:33:07.300,-0.7331057882636856,-0.792432288885004,-0.7020468762076493,-0.7748660570640414
2024-08-26 19:33:07.400,-0.7063521488693265,-0.768017972229072,-0.6876625919968627,-0.7543101691968891
2024-08-26 19:33:07.500,-0.6964264186929819,-0.7231897240327575,-0.6953050038317017,-0.7341733595559002
2024-08-26 19:33:07.600,-0.6981766848658486,-0.6980119270034056,-0.6600415643559777,-0.7148408698785177
2024-08-26 19:33:07.700,-0.7045296595095601,-0.6737285547079952,-0.6734919359140727,-0.6858722899920252
2024-08-26 19:33:07.800,-0.7150139846091053,-0.7216225623126881,-0.7036531277708752,-0.6971381244564248
2024-08-26 19:33:07.900,-0.7251621881356675,-0.7216225623126881,-0.6813144762052462,-0.7103968948002282
2024-08-26 19:33:08.000,-0.7357483844440292,-0.7757555541943199,-0.6854691861637291,-0.7103968948002282
2024-08-26 19:33:08.100,-0.7460375955648311,-0.8008907498027206,-0.7056343995706259,-0.7284147505599912
2024-08-26 19:33:08.200,-0.7503949406431959,-0.8081469055343415,-0.7009719323586818,-0.7505179111988123
2024-08-26 19:33:08.300,-0.737634905666034,-0.7763228019479086,-0.7009719323586818,-0.755266776431829
2024-08-26 19:33:08.400,-0.702190521741968,-0.7205535497152891,-0.702873041615785,-0.7433146128521445
2024-08-26 19:33:08.500,-0.6593047377413198,-0.6644730021668614,-0.6607023138335979,-0.6998080650513843
2024-08-26 19:33:08.600,-0.6116742887438589,-0.6854015888460797,-0.6038829254465201,-0.6446468761882004
2024-08-26 19:33:08.700,-0.5594255558791179,-0.6479516539839159,-0.5734240609935394,-0.6312190671520639
2024-08-26 19:33:08.800,-0.49526136587205843,-0.5774470688115974,-0.518654627278859,-0.6312190671520639
2024-08-26 19:33:08.900,-0.4325183667233059,-0.5180768333057159,0.2197637678399945,-0.535210111433523
2024-08-26 19:33:09.000,-0.3699980940167311,-0.46651340913126704,0.1384277044839975,-0.1969460469816043
2024-08-26 19:33:09.100,-0.3207067271431425,-0.3894984999231267,0.0032799197423926,-0.1508418576953356
2024-08-26 19:33:09.200,-0.2760160531797328,-0.3491996502732674,-0.1257855540476349,-0.179741282932858
2024-08-26 19:33:09.300,-0.2262509231745143,-0.2811584245789812,-0.2423629859830033,-0.22277104621852
2024-08-26 19:33:09.400,-0.17487134568754034,-0.2369773091208612,-0.2007287518503591,-0.251117815667488
2024-08-26 19:33:09.500,-0.1253077064863701,-0.1625079871269515,-0.143746567763234,-0.2201301829587875
2024-08-26 19:33:09.600,-0.07395538683107121,-0.1304585587362309,-0.0901186157656067,-0.1597057633057116
2024-08-26 19:33:09.700,-0.0025077816781647333,-0.04257536584536885,-0.0153962355681455,-0.0950243983282164
2024-08-26 19:33:09.800,0.07426864880922614,0.0208758106405439,0.0579984473354201,-0.0158440736483454
2024-08-26 19:33:09.900,0.15784786988403057,0.0911511691463692,0.1381309514675157,0.0364255867775843
2024-08-26 19:33:10.000,0.22917281436999826,0.1331265611178587,0.2257896181210996,0.1083005692835128
2024-08-26 19:33:10.100,0.29812733103588823,0.2422432309761293,0.2257896181210996,0.1747152363904968
2024-08-26 19:33:10.200,0.374419506920443,0.327812508050928,0.3057285614973365,0.265245284711999
2024-08-26 19:33:10.300,0.43203234516640426,0.371640306467502,0.3680386634759015,0.3609603831631725
2024-08-26 19:33:10.400,0.4804878503503241,0.4252515881854637,0.4341107314878552,0.427080954421804
2024-08-26 19:33:10.500,0.5271913944931246,0.49728453282664103,0.4834496888241374,0.427080954421804
2024-08-26 19:33:10.600,0.5504933309821167,0.5393592798534403,0.5268301480444083,0.498412049177176
2024-08-26 19:33:10.700,0.530846062469592,0.5734787983359334,0.5159267416009141,0.5362543854629951
2024-08-26 19:33:10.800,0.4998337535036117,0.5748440806506935,0.4938409303205734,0.5516928858652296
2024-08-26 19:33:10.900,0.46827355899721174,0.5294829196339077,0.4673323112230782,0.544793236075366
2024-08-26 19:33:11.000,0.4290122154411761,0.4688778835642944,0.4332347838239716,0.4791188199375254
2024-08-26 19:33:11.100,0.35474350069238597,0.44635190654358,0.3786171290652049,0.4685880563724079
2024-08-26 19:33:11.200,0.2736396658475624,0.389636646803153,0.3050499039609068,0.4258860895466778
2024-08-26 19:33:11.300,0.18992738891848193,0.2995501894986365,0.2268297961678431,0.3631773684127293
2024-08-26 19:33:11.400,0.12292460654087506,0.2442108229264896,0.1532776042030229,0.2577432486040353
2024-08-26 19:33:11.500,0.053558645658409704,0.1652857807631801,0.0717214487719796,0.2577432486040353
2024-08-26 19:33:11.600,-0.032433500257383764,0.0767133070585006,-0.0173213223854759,0.1407750367475848
2024-08-26 19:33:11.700,-0.12081407964882045,-0.0233500866703161,-0.106078265328682,0.0458316870585975
2024-08-26 19:33:11.800,-0.20500892048887887,-0.0909117369866266,-0.1939931217296016,-0.0784616333623299
2024-08-26 19:33:11.900,-0.26965822474075285,-0.1625943387771151,-0.2628010077708023,-0.1667596471031236
2024-08-26 19:33:12.000,-0.32868362078595637,-0.2538478322846593,-0.3257850768990833,-0.2489856553521303
2024-08-26 19:33:12.100,-0.3921855161332359,-0.3204672483006416,-0.3257850768990833,-0.3172335528844411
2024-08-26 19:33:12.200,-0.4497391051421671,-0.4147062953474535,-0.376602844377561,-0.3843198799455493
2024-08-26 19:33:12.300,-0.5022857836690132,-0.4724805994018466,-0.4378856930981068,-0.4315155962506084
2024-08-26 19:33:12.400,-0.5372952963308504,-0.5352196849024438,-0.481976776130769,-0.4767038088273315
2024-08-26 19:33:12.500,-0.5617229477787316,-0.584562428913636,-0.5231433405513162,-0.5276460780622153
2024-08-26 19:33:12.600,-0.577458475971714,-0.5795092392119253,-0.5487214695069289,-0.5673241478212118
2024-08-26 19:33:12.700,-0.5538094727020271,-0.611975274621942,-0.5562873496142744,-0.5673241478212118
2024-08-26 19:33:12.800,-0.4939224388781023,-0.5957435810039993,-0.5083055233114532,-0.58821023135696
2024-08-26 19:33:12.900,-0.4483473926872197,-0.5133656723275881,-0.4495507498050777,-0.5640225905279879
2024-08-26 19:33:13.000,-0.3924493922158314,-0.4856136927141499,-0.4149981998967847,-0.499722241951094
2024-08-26 19:33:13.100,-0.33241415020224085,-0.4090177830118829,-0.3634256695486691,-0.4296324026181161
2024-08-26 19:33:13.200,-0.266310468013106,-0.3415119614863438,-0.2934275820864255,-0.380670243326442
2024-08-26 19:33:13.300,-0.19229828160566034,-0.2760214221715014,-0.2260052917457562,-0.3153309580620939
2024-08-26 19:33:13.400,-0.12431243746181314,-0.1869092063079918,-0.1458206859190964,-0.2615538442160481
2024-08-26 19:33:13.500,-0.051968709421663435,-0.1187241104838754,-0.06133534267564,-0.1808748537988942
2024-08-26 19:33:13.600,0.038008675434803664,-0.0483986175972161,0.011729701886381,-0.102719759870156
2024-08-26 19:33:13.700,0.125786051455468,0.0631423671238398,0.0998528618178602,-0.0290190847936433
2024-08-26 19:33:13.800,0.19465912116233405,0.117078430473003,0.1845234273001655,0.06759202835375
2024-08-26 19:33:13.900,0.2584358003536578,0.1894176276436199,0.1845234273001655,0.1422386486223097
2024-08-26 19:33:14.000,0.3173913375322961,0.2632139165517116,0.2639947210888703,0.2186234664866304
2024-08-26 19:33:14.100,0.370201058082088,0.3406274728038151,0.3244426179939285,0.287823464169886
2024-08-26 19:33:14.200,0.4269435732188975,0.3913839623893413,0.3896082749627648,0.287823464169886
2024-08-26 19:33:14.300,0.47749498098846654,0.4551333452769177,0.4378083418074639,0.3806934332660871
2024-08-26 19:33:14.400,0.5240520370466539,0.5282940688125746,0.4698444987323766,0.4431787981318784
2024-08-26 19:33:14.500,0.5678433265791503,0.5770884652147436,0.5300394919453044,0.4975743763038897
2024-08-26 19:33:14.600,0.6005108656269478,0.5641415576471422,0.5440460801998903,0.5521715595916451
2024-08-26 19:33:14.700,0.6281771611083462,0.608481646073736,0.5871931719624081,0.5612191317250855
2024-08-26 19:33:14.800,0.6529579914163657,0.6506508175566588,0.6326256338052887,0.5990052412744383
2024-08-26 19:33:14.900,0.6734494680185638,0.6506508175566588,0.618879218062997,0.6417786160835535
2024-08-26 19:33:15.000,0.6943972340934037,0.6484331440821031,0.6594269285080965,0.6416783809161223
2024-08-26 19:33:15.100,0.7139727737727458,0.7043921233098294,0.6933762550876208,0.6817796462347506
2024-08-26 19:33:15.200,0.7316301693625963,0.7043921233098294,0.6922366725405671,0.6817796462347506
2024-08-26 19:33:15.300,0.7451951820589242,0.7043921233098294,0.6792218016656777,0.6817796462347506
2024-08-26 19:33:15.400,0.7552821789391739,0.7289753003146324,0.6783763088879177,0.6817796462347506
2024-08-26 19:33:15.500,0.76327150744604,0.7827269507218625,0.7345718216337911,0.7064074084521635
2024-08-26 19:33:15.600,0.7723666947576389,0.7388716549011058,0.7345718216337911,0.7564465284981664
2024-08-26 19:33:15.700,0.7808376411429832,0.7388716549011058,0.6994497678882804,0.7310538936668608
2024-08-26 19:33:15.800,0.7873143327383098,0.7388716549011058,0.7520279945937753,0.7310538936668608
2024-08-26 19:33:15.900,0.7926820709914694,0.8123368631840426,0.7438033727310875,0.7310538936668608
2024-08-26 19:33:16.000,0.7957708990953781,0.8086316987914876,0.7736889047724106,0.7885346848921991
2024-08-26 19:33:16.100,0.7986568094826563,0.8092163944875334,0.7722048378852713,0.7958823619138886
2024-08-26 19:33:16.200,0.8047613619004504,0.8092163944875334,0.7417686245560465,0.7958823619138886
2024-08-26 19:33:16.300,0.812041794432529,0.8092163944875334,0.7651978299980444,0.7958823619138886
2024-08-26 19:33:16.400,0.8172522526937085,0.8582275032886323,0.7864365177097031,0.7958823619138886
2024-08-26 19:33:16.500,0.8199171612072572,0.8598599315774452,0.7881759726635269,0.8233211044559454
2024-08-26 19:33:16.600,0.8209899760037316,0.8251695739940055,0.7464363178353598,0.8289338078738888
2024-08-26 19:33:16.700,0.8232753498867075,0.8251695739940055,0.7917202793185973,0.7971466593078008
2024-08-26 19:33:16.800,0.8283276307852839,0.8440781179104431,0.7899310629870786,0.8223973320591585
2024-08-26 19:33:16.900,0.8329589183400348,0.8157530160004346,0.8077606425900615,0.8176188349523759
2024-08-26 19:33:17.000,0.8386107979357723,0.8157530160004346,0.7799690028028862,0.8160070551845071
2024-08-26 19:33:17.100,0.8431289995945654,0.8157530160004346,0.8055497581557943,0.8160070551845071
2024-08-26 19:33:17.200,0.8448787791881713,0.8157530160004346,0.8022230268159315,0.8160070551845071
2024-08-26 19:33:17.300,0.8447691006408187,0.8255920185372632,0.8022230268159315,0.8160070551845071
2024-08-26 19:33:17.400,0.8432439401274859,0.8380135516991193,0.8055508941013002,0.8186426204103542
2024-08-26 19:33:17.500,0.8401593335495869,0.832711801175268,0.7926443343385494,0.818605452024822
2024-08-26 19:33:17.600,0.8403146308121962,0.8319326781768225,0.7871747992345227,0.813464143983017
2024-08-26 19:33:17.700,0.841318652564071,0.8051288224517218,0.8097422271146288,0.8105674043220986
2024-08-26 19:33:17.800,0.8417655525220716,0.8319326781768225,0.7941753792945105,0.8146147100545797
2024-08-26 19:33:17.900,0.8408269977444857,0.8465664503558354,0.8042056783816777,0.8146147100545797
2024-08-26 19:33:18.000,0.8398763109216616,0.8465664503558354,0.7965800866538263,0.8255353131356916
2024-08-26 19:33:18.100,0.8411166002890376,0.8465664503558354,0.8183599918321803,0.8255353131356916
2024-08-26 19:33:18.200,0.8405444706295183,0.8319326781768225,0.7857985259436189,0.8255353131356916
2024-08-26 19:33:18.300,0.8385535000168596,0.8311574328423732,0.8013750425765375,0.8132703893142961
2024-08-26 19:33:18.400,0.8412118122101835,0.8770188768318429,0.7875295136135664,0.8172654686208743
2024-08-26 19:33:18.500,0.8455002198214681,0.8556212006738756,0.8112999522082824,0.8313265171557964
2024-08-26 19:33:18.600,0.8484715299727131,0.8423439514436609,0.7816963406127639,0.8345897566678651
2024-08-26 19:33:18.700,0.8524725240059269,0.8803625462293208,0.8155059749871272,0.8169018911501
2024-08-26 19:33:18.800,0.8547530670659471,0.8759535998297225,0.8202947662011407,0.8358342692899726
2024-08-26 19:33:18.900,0.8525271079544936,0.9096932379314828,0.7989963836814119,0.8537822667351813
2024-08-26 19:33:19.000,0.8390531273289441,0.8202189439633564,0.7938865725913149,0.8555785009337734
2024-08-26 19:33:19.100,0.8020286565101635,0.7935304487079061,0.7938865725913149,0.815822777601863
2024-08-26 19:33:19.200,0.7702723290544989,0.8211232869888976,0.7664218526010216,0.786082780963822
2024-08-26 19:33:19.300,0.7406191191814502,0.8211232869888976,0.7281836646532023,0.7764813892309291
2024-08-26 19:33:19.400,0.7202318138619979,0.7662654565293969,0.7175435748441322,0.7513714727183369
2024-08-26 19:33:19.500,0.692797562786264,0.7205535470877321,0.6626242716032489,0.7155541405666291
2024-08-26 19:33:19.600,0.6205904097230098,0.6933594246180396,0.6664685066139822,0.6960111708702357
2024-08-26 19:33:19.700,0.5356496043538795,0.6131396195183829,0.5764305936874344,0.6960111708702357
2024-08-26 19:33:19.800,0.45616948918057254,0.5251382776680964,0.4883064393224727,0.599134711698994
2024-08-26 19:33:19.900,0.39709421741239964,0.4704093502851249,0.4059288727480492,0.5186664061132491
2024-08-26 19:33:20.000,0.33310292395341323,0.4183327495795125,0.3703883695357868,0.447318254650297
2024-08-26 19:33:20.100,0.2542547138002857,0.3444815767221129,0.3048195594766477,0.3985054860471584
2024-08-26 19:33:20.200,0.15915308186061086,0.25006545470570773,0.2020373910440189,0.3073342376846495
2024-08-26 19:33:20.300,0.0635292933955756,0.1461718776895874,0.1107300034003025,0.2178798877678767
2024-08-26 19:33:20.400,-0.015369598308721,0.0555412081101982,0.0118011391532557,0.1362274868625094
2024-08-26 19:33:20.500,-0.09519763307198653,-0.05923399492280635,-0.0682475343148497,0.0031286161785742
2024-08-26 19:33:20.600,-0.18441160863675388,-0.1313730540936119,-0.1583308100708188,-0.0701051368223329
2024-08-26 19:33:20.700,-0.26492436245335976,-0.2052737317808063,-0.2432122759294186,-0.1415872000447177
2024-08-26 19:33:20.800,-0.3263658318333631,-0.3088990583284305,-0.3136661326213907,-0.2200058427493757
2024-08-26 19:33:20.900,-0.3832214841373022,-0.3582785263810778,-0.3136661326213907,-0.3268892662274476
2024-08-26 19:33:21.000,-0.4448451425755229,-0.4335878059084477,-0.3703617050245769,-0.3908122523366002
2024-08-26 19:33:21.100,-0.5007245207334238,-0.4684111040797949,-0.4332371822975616,-0.4456335372097599
2024-08-26 19:33:21.200,-0.5418073177065108,-0.5183418908719573,-0.4855914613436904,-0.4817069005488888
2024-08-26 19:33:21.300,-0.5786107757359016,-0.5571094698532864,-0.5167927608165022,-0.5212031677224714
2024-08-26 19:33:21.400,-0.6164531133130605,-0.5808445075320215,-0.562626847484752,-0.5212031677224714
2024-08-26 19:33:21.500,-0.6481139308696019,-0.6270051075933164,-0.6057962086212744,-0.5922942601737994
2024-08-26 19:33:21.600,-0.6701780523160243,-0.6658830379951179,-0.5924807873905192,-0.6381925247037562
2024-08-26 19:33:21.700,-0.6910809815451954,-0.6927789200775348,-0.6499387033202866,-0.6503306653413898
2024-08-26 19:33:21.800,-0.7146002907465311,-0.7404716404257082,-0.6838922789134572,-0.676917342638218
2024-08-26 19:33:21.900,-0.737119452674705,-0.7679500603298838,-0.705055861378627,-0.714591261872318
2024-08-26 19:33:22.000,-0.7575021656516645,-0.7187964784443469,-0.7105235755484381,-0.7407987314111207
2024-08-26 19:33:22.100,-0.7757824245159487,-0.7868880295877217,-0.7222109667569447,-0.7260892240609139
2024-08-26 19:33:22.200,-0.7913239699038425,-0.7868880295877217,-0.7447441798824321,-0.7565866986642001
2024-08-26 19:33:22.300,-0.8011710904993379,-0.7508765633014675,-0.7412941441693689,-0.7554774953699167
2024-08-26 19:33:22.400,-0.8087567135168537,-0.7508765633014675,-0.7760041756344,-0.7554774953699167
2024-08-26 19:33:22.500,-0.8143947349896138,-0.8566100515542475,-0.7788296874134015,-0.7554774953699167
2024-08-26 19:33:22.600,-0.8178133241801797,-0.8283989983017049,-0.7904246949190507,-0.8137383069568516
2024-08-26 19:33:22.700,-0.8215232397490269,-0.8073816730426817,-0.7909359786057383,-0.8160963031005959
2024-08-26 19:33:22.800,-0.8238255240702821,-0.8085845526081724,-0.7494149506358516,-0.8072772016503431
2024-08-26 19:33:22.900,-0.8256688233869808,-0.8495682372112383,-0.7614605028759387,-0.7882412971922896
2024-08-26 19:33:23.000,-0.8276017921991835,-0.8495682372112383,-0.7816801577611032,-0.8069435657184749
2024-08-26 19:33:23.100,-0.832540595319295,-0.8322774661266585,-0.7816801577611032,-0.8185805217234301
2024-08-26 19:33:23.200,-0.8377085040633642,-0.815753016000433,-0.7982812184425999,-0.8119858684832596
2024-08-26 19:33:23.300,-0.8402141491067003,-0.7937048710333307,-0.8031533607708878,-0.8131943583200614
2024-08-26 19:33:23.400,-0.8417543751849234,-0.8353586887960042,-0.7897986742744179,-0.8157266793076682
2024-08-26 19:33:23.500,-0.8424829263924233,-0.8225435842222892,-0.7972268470788904,-0.8135975863445749
2024-08-26 19:33:23.600,-0.8459204407740023,-0.8437383771084968,-0.7964145006796356,-0.8135975863445749
2024-08-26 19:33:23.700,-0.8486439909308041,-0.8139351921699267,-0.7897203136616253,-0.8248016977697702
2024-08-26 19:33:23.800,-0.85025751249742,-0.8519176496761423,-0.8024392415188498,-0.8078397680969562
2024-08-26 19:33:23.900,-0.850855675170011,-0.8539474038654055,-0.7965094115313591,-0.8261363408178303
2024-08-26 19:33:24.000,-0.8516980751481183,-0.8432573185396339,-0.8119017107873393,-0.8161717790953341
2024-08-26 19:33:24.100,-0.852111221909337,-0.8557015850630697,-0.8043102225473993,-0.8342483776934269
2024-08-26 19:33:24.200,-0.8514944080280621,-0.7894121071786591,-0.8074757784060126,-0.832479812682472
2024-08-26 19:33:24.300,-0.8503802279299455,-0.8557015850630697,-0.8096436891244448,-0.8333463146037035
2024-08-26 19:33:24.400,-0.8494071678161115,-0.8557015850630697,-0.7972048068914118,-0.8333463146037035
2024-08-26 19:33:24.500,-0.8490322408931309,-0.8651654648067572,-0.818204778112602,-0.8330016486885915
2024-08-26 19:33:24.600,-0.8487107660280389,-0.8428303140365012,-0.8120706203303905,-0.8441750449597515
2024-08-26 19:33:24.700,-0.8494313979180266,-0.8428303140365012,-0.8007419711079867,-0.8194917986497139
2024-08-26 19:33:24.800,-0.8498551741092027,-0.87109354838359,-0.83141808690866,-0.8194917986497139
2024-08-26 19:33:24.900,-0.8506447756201304,-0.8539474038654055,-0.83141808690866,-0.8472039574485001
2024-08-26 19:33:25.000,-0.8537241265915938,-0.8364456745027425,-0.8111672559746357,-0.8360422703292804
2024-08-26 19:33:25.100,-0.8553779254868523,-0.859996335665649,-0.798061577399841,-0.8211078298553651
2024-08-26 19:33:25.200,-0.8564814920827543,-0.8338347851022787,-0.809135553227283,-0.8084740741719947
2024-08-26 19:33:25.300,-0.8587104555812951,-0.8366542957511923,-0.7875429830639968,-0.8243115819399204
2024-08-26 19:33:25.400,-0.8629867231285496,-0.8689558374943467,-0.8337208015318336,-0.8340764495317748
2024-08-26 19:33:25.500,-0.8648740735730849,-0.8745604000918495,-0.8315451318545649,-0.8340764495317748
2024-08-26 19:33:25.600,-0.8609360574885772,-0.8745604000918495,-0.8181068840736747,-0.8507696277045204
2024-08-26 19:33:25.700,-0.8435929490299184,-0.8697102482198158,-0.7953112595054933,-0.845823419934356
2024-08-26 19:33:25.800,-0.7970883758611705,-0.8262487481119275,-0.7648087239320606,-0.845823419934356
2024-08-26 19:33:25.900,-0.769737684972795,-0.8191662486655871,-0.7307908513225255,-0.8040468498250818
2024-08-26 19:33:26.000,-0.7389716217812975,-0.7969537853367464,-0.7094760362388581,-0.7795239723500873
2024-08-26 19:33:26.100,-0.7127261852419577,-0.8081469055343415,-0.6718208363490077,-0.7616990052860568
2024-08-26 19:33:26.200,-0.6910556956692062,-0.7543580469897362,-0.6909114792100403,-0.7330565701820954
2024-08-26 19:33:26.300,-0.6288382381933232,-0.6570565894756406,-0.6005861956088935,-0.7103615899169434
2024-08-26 19:33:26.400,-0.542177946346683,-0.6227097730098509,-0.5401322084677769,-0.6296007289006361
2024-08-26 19:33:26.500,-0.4532209588213633,-0.5678356945877723,-0.4605043404018461,-0.5866815214686584
2024-08-26 19:33:26.600,-0.38393694002432915,-0.4987302266209772,-0.3888535452370061,-0.5227994433226323
2024-08-26 19:33:26.700,-0.3249388197953076,-0.4168566738458931,-0.3401242331643648,-0.4527509064909744
2024-08-26 19:33:26.800,-0.26908427654848693,-0.3582785263810778,-0.2678033449300874,-0.386004671189473
2024-08-26 19:33:26.900,-0.18687990267877932,-0.306504663359429,-0.1862157387123928,-0.3197608640146281
2024-08-26 19:33:27.000,-0.1048017953841453,-0.1776612656028062,-0.1133390757376346,-0.2111263535089584
2024-08-26 19:33:27.100,-0.0190201318325167,-0.0714425175652703,-0.1133390757376346,-0.1365410352641195
2024-08-26 19:33:27.200,0.052469543438292,-0.0109940152000329,-0.0152127520134463,-0.0510711374234185
2024-08-26 19:33:27.300,0.1237036642398926,0.0525555179048999,0.0677589129364185,0.0233894322887894
2024-08-26 19:33:27.400,0.2063365929395564,0.1270780355518665,0.1342462778232555,0.0902700025605609
2024-08-26 19:33:27.500,0.2816452970260033,0.2069971350626097,0.2177011601596723,0.1676227203006216
2024-08-26 19:33:27.600,0.3387264997754116,0.2869453881922065,0.2971941760923353,0.1676227203006216
2024-08-26 19:33:27.700,0.3921739011460484,0.3794637313301882,0.3512392438998796,0.3178222427077687
2024-08-26 19:33:27.800,0.449661314824034,0.4291603762063672,0.399220563276395,0.3700783192828803
2024-08-26 19:33:27.900,0.5001139919367595,0.4742885361948773,0.4521124835208759,0.4169545631235641
2024-08-26 19:33:28.000,0.544519488834621,0.5389929458522518,0.4972341203787022,0.4654147790987752
2024-08-26 19:33:28.100,0.5779123434312581,0.587004548585429,0.5397542079762261,0.5191497008646798
2024-08-26 19:33:28.200,0.608611422285097,0.5874551060031078,0.5674755149865699,0.5656508349896547
2024-08-26 19:33:28.300,0.6427309869744322,0.6280206464075427,0.6193024760733379,0.584598447994526
2024-08-26 19:33:28.400,0.6725762253367996,0.6608079376666236,0.6334998380413295,0.6395232677260297
2024-08-26 19:33:28.500,0.6972273856133991,0.7078787169463377,0.6562924135770876,0.6547032907713749
2024-08-26 19:33:28.600,0.716564626678046,0.7078787169463377,0.6860158220447073,0.6856817385592945
2024-08-26 19:33:28.700,0.7304425113779249,0.7078787169463377,0.7170755576660516,0.6856817385592945
2024-08-26 19:33:28.800,0.7425774068483788,0.7864848253765453,0.7042125207720503,0.6856817385592945
2024-08-26 19:33:28.900,0.7542347286672196,0.7380112243933414,0.7042125207720503,0.7231729112929559
2024-08-26 19:33:29.000,0.7643774431371151,0.7293982454832141,0.7100039315387005,0.7276491467987304
2024-08-26 19:33:29.100,0.7748025411218066,0.7293982454832141,0.7343261963015489,0.7276491467987304
2024-08-26 19:33:29.200,0.7843363589843481,0.8107921019364716,0.7051892246857806,0.7276491467987304
2024-08-26 19:33:29.300,0.7882987900425954,0.8107921019364716,0.7177973963405302,0.7653773646757941
2024-08-26 19:33:29.400,0.7806447108463391,0.8191662486655905,0.7545980820144724,0.7653773646757941
2024-08-26 19:33:29.500,0.7508746140354141,0.8191662486655905,0.7369190771502414,0.7902339142365514
2024-08-26 19:33:29.600,0.7268430559856242,0.7806079134643326,0.6889649804858923,0.7902339142365514
2024-08-26 19:33:29.700,0.6977784869799443,0.7806079134643326,0.706322765476335,0.7498405522487179
2024-08-26 19:33:29.800,0.6757130236379169,0.7127618675724771,0.6337929298776795,0.7237737928363392
2024-08-26 19:33:29.900,0.6317983831370771,0.7127618675724771,0.6356145320573492,0.6827854168311354
2024-08-26 19:33:30.000,0.5560314471527222,0.6654758170662589,0.5698066340621509,0.6827854168311354
2024-08-26 19:33:30.100,0.4885706866787203,0.5953881324571374,0.5029184905829288,0.601549397493012
2024-08-26 19:33:30.200,0.4322551415598194,0.5368016264171579,0.4476632838512012,0.601549397493012
2024-08-26 19:33:30.300,0.36244487004877585,0.4397902993362947,0.3754154429293662,0.5111093618967784
2024-08-26 19:33:30.400,0.30204841453526304,0.360687116877084,0.3063293176850066,0.4008525856963826
2024-08-26 19:33:30.500,0.23879818672033937,0.3126439761415231,0.2547854872010353,0.3325654979301574
2024-08-26 19:33:30.600,0.19477260560059934,0.2781516848252654,0.2017898322404217,0.2746229654086662
2024-08-26 19:33:30.700,0.1614752016744697,0.21281659167899625,0.159897105173936,0.226507254062838
2024-08-26 19:33:30.800,0.13945213066223275,0.1406617352542754,0.1362352762319156,0.1778902298915899
2024-08-26 19:33:30.900,0.13739636756418272,0.1437077545311541,0.1356467913699382,0.1409678074503763
2024-08-26 19:33:31.000,0.1605440035562469,0.1470620265701272,0.149529721005282,0.1360650584207347
2024-08-26 19:33:31.100,0.1947443927438703,0.177039072889194,0.1955070011026011,0.1428658709293259
2024-08-26 19:33:31.200,0.23897017482798422,0.2088392005913478,0.1955070011026011,0.1764231163408553
2024-08-26 19:33:31.300,0.2996884356629274,0.2413874566698544,0.2433305785665708,0.2160391803142596
2024-08-26 19:33:31.400,0.35122260295462476,0.3290600528781622,0.2935369778622597,0.2579349126272108
2024-08-26 19:33:31.500,0.40121121986816005,0.3708766664320681,0.3729631744523248,0.3434298120391515
2024-08-26 19:33:31.600,0.45452794246047085,0.4406487362488014,0.4186092697518856,0.3434298120391515
2024-08-26 19:33:31.700,0.499686501776987,0.4924240514221115,0.4581103385288308,0.4167595679535457
2024-08-26 19:33:31.800,0.5324154733980745,0.512161269346388,0.4981667164259425,0.467719024156525
2024-08-26 19:33:31.900,0.5470041501073224,0.548918862091127,0.5375964421517634,0.5134582717150856
2024-08-26 19:33:32.000,0.5489356992748432,0.5770474392504469,0.5353026584635829,0.5447820956497457
2024-08-26 19:33:32.100,0.5106125244766867,0.5693717870339418,0.5114952790518467,0.5706287194053689
2024-08-26 19:33:32.200,0.45347529906899336,0.5108058596571522,0.4595379358591402,0.5314160665591182
2024-08-26 19:33:32.300,0.39134361455183964,0.459255366062408,0.4087660060302734,0.4944524939844037
2024-08-26 19:33:32.400,0.34218556498960506,0.38600995396844806,0.3447588959225386,0.444767179244846
2024-08-26 19:33:32.500,0.2739360010848631,0.3546428979474515,0.2752476551927537,0.3763965962238608
2024-08-26 19:33:32.600,0.19487053057791867,0.2475027851665188,0.2070049887060923,0.3239699070054407
2024-08-26 19:33:32.700,0.11049028294030176,0.192819725759397,0.1248809104639701,0.241050702063615
2024-08-26 19:33:32.800,0.037565995863461696,0.1167916535344883,0.1248809104639701,0.1693016917245993
2024-08-26 19:33:32.900,-0.0280504388077229,0.0766527731451248,0.0398912824879924,0.0723822998519132
2024-08-26 19:33:33.000,-0.08675127940088094,-0.05639974760422255,-0.0405135906898532,-0.024951443277109
2024-08-26 19:33:33.100,-0.11096189799585725,-0.092345848640061,-0.0961215223878139,-0.0825475864692889
2024-08-26 19:33:33.200,-0.11345760409250644,-0.1113441727157892,-0.1083699351104472,-0.0825475864692889
2024-08-26 19:33:33.300,-0.1042944360894398,-0.1187012284080422,-0.1050567191276214,-0.1112368081771538
2024-08-26 19:33:33.400,-0.08532941682410117,-0.1132430582135476,-0.0943147821117954,-0.1198542320858008
2024-08-26 19:33:33.500,-0.051712911164136004,-0.0842706024551246,-0.0721793581255264,-0.1065443457146372
2024-08-26 19:33:33.600,-0.0112577997534728,-0.0429474381350936,-0.0390068394816784,-0.0870843042822003
2024-08-26 19:33:33.700,0.041927259911377995,-0.0287372326660831,0.0188068415298255,-0.0519038844303414
2024-08-26 19:33:33.800,0.10244009093198865,0.0310932002467823,0.0924552334993051,0.0101036883210258
2024-08-26 19:33:33.900,0.16725769910359656,0.11996978627789665,0.1684684002283049,0.0755716109439418
2024-08-26 19:33:34.000,0.2399847599360744,0.2010209347799498,0.1684684002283049,0.146902845485547
2024-08-26 19:33:34.100,0.2970973509011925,0.2686828231744275,0.2411173708157114,0.2291216802163809
2024-08-26 19:33:34.200,0.35057556644495264,0.2686828231744275,0.309121712248959,0.2907009236461573
2024-08-26 19:33:34.300,0.4095882232347631,0.3766357811017734,0.3491317166469928,0.3399237719146861
2024-08-26 19:33:34.400,0.4626317689595334,0.4547795138814519,0.4136102711662984,0.403511795483923
2024-08-26 19:33:34.500,0.5111604842771724,0.4992069837823889,0.475571879282878,0.403511795483923
2024-08-26 19:33:34.600,0.5462824595930327,0.5125582233208955,0.4943741706638851,0.4778671991989209
2024-08-26 19:33:34.700,0.5757775220342459,0.5611851926581296,0.5416376087651549,0.5166997454333919
2024-08-26 19:33:34.800,0.6067901767894286,0.5918586876529222,0.5743972311457272,0.5580414237398373
2024-08-26 19:33:34.900,0.6360889431114112,0.6395439791117312,0.6141884412988335,0.5838501927165404
2024-08-26 19:33:35.000,0.6616605034667625,0.6637182030400505,0.6314538025394415,0.6247433009356775
2024-08-26 19:33:35.100,0.6759725401414567,0.6783524060405255,0.6557290198252955,0.6549468730574162
2024-08-26 19:33:35.200,0.6653896859213967,0.6630840282161049,0.6314062087772507,0.6634434242045701
2024-08-26 19:33:35.300,0.6394703593520644,0.6684817666326273,0.6312366290728892,0.6634434242045701
2024-08-26 19:33:35.400,0.6132221498814552,0.6507569154161537,0.5803275647464687,0.6563836817361471
2024-08-26 19:33:35.500,0.5795344708288667,0.6308635317892644,0.5568967846975399,0.6257908635516655
2024-08-26 19:33:35.600,0.5479978625699395,0.6062215382661573,0.5327000375552277,0.5915266989566641
2024-08-26 19:33:35.700,0.5120078326601809,0.5524772665863609,0.5056833635162122,0.5574271337068096
2024-08-26 19:33:35.800,0.44381361500556576,0.5129776839175316,0.4398496036510976,0.5301559729140145
2024-08-26 19:33:35.900,0.3580308190234585,0.4550848427704084,0.3520753512515777,0.4858188982054947
2024-08-26 19:33:36.000,0.27694700438623315,0.3862701035539317,0.3520753512515777,0.4166750019343241
2024-08-26 19:33:36.100,0.2132813394674104,0.2734729720082188,0.2839650022928737,0.3100780204567224
2024-08-26 19:33:36.200,0.1457396148107115,0.185118269442942,0.2041778844780413,0.2370664058576213
2024-08-26 19:33:36.300,0.061663003186895965,0.1230316448000787,0.1226634957765153,0.1637641481761184
2024-08-26 19:33:36.400,-0.024545295657956333,0.0541606444687712,0.0490164136780581,0.0651928511584919
2024-08-26 19:33:36.500,-0.0982431606877765,0.0170800001635998,-0.0405809677242374,-0.0046980292920485
2024-08-26 19:33:36.600,-0.17117478839729883,-0.11284639616459666,-0.1185201009292089,-0.0046980292920485
2024-08-26 19:33:36.700,-0.25449253142807954,-0.1909577538039285,-0.2160114885472009,-0.1072543356070716
2024-08-26 19:33:36.800,-0.3200639452227807,-0.2625470588155937,-0.3019870090244087,-0.1949677911789925
2024-08-26 19:33:36.900,-0.37885440602909704,-0.3609019744669161,-0.3633131769005063,-0.3047379529623359
2024-08-26 19:33:37.000,-0.4425737528940414,-0.41905610534248,-0.4085862889182258,-0.3738377039553529
2024-08-26 19:33:37.100,-0.4992201076615368,-0.4662258489845893,-0.4621549277024182,-0.415904091806323
2024-08-26 19:33:37.200,-0.5396339313246017,-0.5231608350094055,-0.5098473138096008,-0.4870367813593776
2024-08-26 19:33:37.300,-0.5684893468918055,-0.5748108834081663,-0.5421304466100485,-0.5221528895626766
2024-08-26 19:33:37.400,-0.5749925414316855,-0.5987218166115903,-0.5421304466100485,-0.5609571469212691
2024-08-26 19:33:37.500,-0.560073087581725,-0.5908219532641573,-0.5358726596707797,-0.5742493881207907
2024-08-26 19:33:37.600,-0.5262013451259137,-0.5731823801957382,-0.5436356521742408,-0.5710926960536037
2024-08-26 19:33:37.700,-0.4825382734349537,-0.5518689441088044,-0.5229486545149444,-0.5554696179152628
2024-08-26 19:33:37.800,-0.43536090554738544,-0.4793427864432983,-0.4613790016631358,-0.5200253416694104
2024-08-26 19:33:37.900,-0.3844107833606409,-0.4737937890569098,-0.4158104154772779,-0.4635914905593535
2024-08-26 19:33:38.000,-0.32096051417246557,-0.4036365828713838,-0.3596559198388817,-0.4034095638665895
2024-08-26 19:33:38.100,-0.25788529597214654,-0.3256936261517373,-0.2838205109249912,-0.3497606017467867
2024-08-26 19:33:38.200,-0.1859208633708459,-0.2352000832398694,-0.2365121950199368,-0.3497606017467867
2024-08-26 19:33:38.300,-0.1200356027949114,-0.191073403103483,-0.1699669652423547,-0.2425002147466021
2024-08-26 19:33:38.400,-0.049436772792351306,-0.1263651941514416,-0.0962558408001564,-0.189773280299042
2024-08-26 19:33:38.500,0.041914890652090066,-0.0429474381350936,0.0010745259149598,-0.122397030106831
2024-08-26 19:33:38.600,0.13623889426058577,0.0340741053337071,0.0869914809370765,-0.0347249333729853
2024-08-26 19:33:38.700,0.22357955173764044,0.126048894355777,0.1768523902928084,0.0876323727152842
2024-08-26 19:33:38.800,0.29085807914722217,0.2314901151911452,0.2514245736549732,0.1728216360142589
2024-08-26 19:33:38.900,0.35300578769701857,0.343692913865688,0.3258133532392848,0.2539547768189828
2024-08-26 19:33:39.000,0.4193936152552687,0.3917289335899486,0.3891284849540444,0.3282418014671955
2024-08-26 19:33:39.100,0.4770052488854856,0.448142571708769,0.4395302502759893,0.38732515191937
2024-08-26 19:33:39.200,0.5267945737211468,0.4800732052254297,0.498627692166727,0.4553428176608329
2024-08-26 19:33:39.300,0.5692435620797834,0.5383412010972302,0.5245577647209965,0.5097468049459046
2024-08-26 19:33:39.400,0.5997866350755832,0.6306273993071072,0.5685735613155708,0.5414411718738573
2024-08-26 19:33:39.500,0.6257832982596687,0.608468713798477,0.5791124513290806,0.597620786606555
2024-08-26 19:33:39.600,0.6463635912508545,0.6240741082713166,0.6173258738975053,0.6179705252140473
2024-08-26 19:33:39.700,0.6565145423513071,0.6240741082713166,0.6173258738975053,0.6173431039133386
2024-08-26 19:33:39.800,0.6526684791966396,0.6240741082713166,0.6295760786736359,0.6173431039133386
2024-08-26 19:33:39.900,0.6214081060635985,0.6728268995757091,0.6191480736774073,0.6477268380431693
2024-08-26 19:33:40.000,0.5461521824230386,0.6190636568503957,0.571524585331072,0.6124339645873094
2024-08-26 19:33:40.100,0.46976645617064516,0.5204440851274663,0.5101967199616587,0.5741129406988603
2024-08-26 19:33:40.200,0.4104711222928425,0.5012418720079729,0.4390268497496639,0.4983688416346011
2024-08-26 19:33:40.300,0.3485504866553306,0.4095990404273281,0.3960861124732259,0.4273212279683516
2024-08-26 19:33:40.400,0.2991182043957134,0.3538839985952716,0.3428984451856636,0.3782778751519241
2024-08-26 19:33:40.500,0.2679995957559522,0.3262757722584151,0.2951089335816614,0.3782778751519241
2024-08-26 19:33:40.600,0.2439913321215865,0.278604407811041,0.2627431625610862,0.3215991200313042
2024-08-26 19:33:40.700,0.22321242597113433,0.2476632271562546,0.238631806698858,0.2781295508902063
2024-08-26 19:33:40.800,0.21011600798993374,0.2382914823005678,0.2172995405197637,0.2475359401145571
2024-08-26 19:33:40.900,0.19844149934657876,0.2017236699744661,0.2012573678661301,0.2294676298536187
2024-08-26 19:33:41.000,0.18969044437166624,0.2073901805161525,0.1921609162485718,0.2043116302776474
2024-08-26 19:33:41.100,0.1829733821953129,0.2070735887646139,0.1921609162485718,0.1987288900775087
2024-08-26 19:33:41.200,0.17766747409103312,0.18015231383519165,0.1700085543986874,0.1777942494217607
2024-08-26 19:33:41.300,0.17314793245478818,0.182773140540949,0.1778704922275196,0.1762987038214469
2024-08-26 19:33:41.400,0.1692928185922122,0.1865792627421457,0.1757932473561587,0.1762987038214469
2024-08-26 19:33:41.500,0.16585057838648518,0.1804945460480179,0.1619093206058945,0.1787566058107572
2024-08-26 19:33:41.600,0.16253161749236075,0.1710962254239394,0.1650796622091505,0.1708987755252511
2024-08-26 19:33:41.700,0.16034979992592155,0.1589640979255014,0.1576323059695255,0.167070989829818
2024-08-26 19:33:41.800,0.15876906121009424,0.1691025076834256,0.1605450137603364,0.1591578065506503
2024-08-26 19:33:41.900,0.1572505824410077,0.1691025076834256,0.1605450137603364,0.1659938683700651
2024-08-26 19:33:42.000,0.15627461807508514,0.1642277607307541,0.1597689285712766,0.1621153063683047
2024-08-26 19:33:42.100,0.15546918583252228,0.1596899194612659,0.151407284270743,0.1567715613587668
2024-08-26 19:33:42.200,0.15467803187896842,0.1597125379526785,0.137759930654316,0.1567715613587668
2024-08-26 19:33:42.300,0.15417955596365246,0.1698103604764161,0.1547677229013686,0.1489249293493406
2024-08-26 19:33:42.400,0.1540562680127313,0.1653071552783557,0.1509018944760778,0.1572336070639138
2024-08-26 19:33:42.500,0.15404910518848536,0.1590874622891799,0.1509018944760778,0.1544882395397439
2024-08-26 19:33:42.600,0.1541870762523478,0.1590874622891799,0.1518115398117938,0.1544853488666559
2024-08-26 19:33:42.700,0.15437826222122253,0.1590874622891799,0.1485608697762779,0.1544853488666559
2024-08-26 19:33:42.800,0.15460986245299585,0.1653071552783557,0.1561667451275168,0.155814598934452
2024-08-26 19:33:42.900,0.15494165634945475,0.1653071552783557,0.1486104934619811,0.1593211450831687
2024-08-26 19:33:43.000,0.15516427494183793,0.1621089158429068,0.1636892591956009,0.1593211450831687
2024-08-26 19:33:43.100,0.15510888473703702,0.1746148487847057,0.1636892591956009,0.1618040121427515
2024-08-26 19:33:43.200,0.15495664540821114,0.1746148487847057,0.1557771950668534,0.1642162281442952
2024-08-26 19:33:43.300,0.15489251888260436,0.1698103604764161,0.1525117264552999,0.1632897920200413
2024-08-26 19:33:43.400,0.1550059418199483,0.1698103604764161,0.1455476582024472,0.1632897920200413
2024-08-26 19:33:43.500,0.15507849507871244,0.1698103604764161,0.160685810137155,0.1581980689892262
2024-08-26 19:33:43.600,0.15509225825003417,0.1746148487847057,0.1474274628015108,0.1657860252424394
2024-08-26 19:33:43.700,0.15509273841298826,0.1746148487847057,0.1646809826076463,0.1615147671882685
2024-08-26 19:33:43.800,0.15506006082623738,0.1746148487847057,0.1564989435419358,0.1680968493876716
2024-08-26 19:33:43.900,0.1551085787571824,0.1698103604764161,0.1564989435419358,0.1637592398045339
2024-08-26 19:33:44.000,0.15514022772214334,0.1746148487847057,0.1498419438116121,0.162254807466161
2024-08-26 19:33:44.100,0.15514599458795647,0.1746148487847057,0.1414441920799733,0.158472856532663
2024-08-26 19:33:44.200,0.1551533683862424,0.1746148487847057,0.1472612164249286,0.158472856532663
2024-08-26 19:33:44.300,0.15521767455806426,0.1746148487847057,0.1517746983643179,0.1603059816008026
2024-08-26 19:33:44.400,0.15521487058984146,0.1746148487847057,0.1545779295245622,0.1625466961006667
2024-08-26 19:33:44.500,0.15524316413533598,0.1746148487847057,0.1607749345330153,0.1641299116621684
2024-08-26 19:33:44.600,0.15527552567276182,0.1746148487847057,0.1528409503233599,0.1670295653164229
2024-08-26 19:33:44.700,0.15528947158219408,0.1659920153980252,0.150079616841906,0.164182866314801
2024-08-26 19:33:44.800,0.1553183721486366,0.1659920153980252,0.150079616841906,0.158897380584759
2024-08-26 19:33:44.900,0.1553591422651017,0.1659920153980252,0.1590936535534734,0.1618136338781989
2024-08-26 19:33:45.000,0.15536358311546053,0.1659920153980252,0.1549638014577375,0.1605808332211923
2024-08-26 19:33:45.100,0.15535126967283916,0.1659920153980252,0.1612635429111723,0.1605808332211923
2024-08-26 19:33:45.200,0.15538349349005728,0.1597125379526785,0.1557028566673851,0.1603895614735038
2024-08-26 19:33:45.300,0.1553777058717509,0.1659920153980252,0.1525416146833891,0.1606710907494927
2024-08-26 19:33:45.400,0.1553959952410881,0.1659920153980252,0.1416930134080014,0.1593939575040906
2024-08-26 19:33:45.500,0.15540390226258435,0.1597125379526785,0.1469868124629398,0.1519530639030412
2024-08-26 19:33:45.600,0.1554003228542906,0.16285227667535185,0.1469868124629398,0.1555841039705905
2024-08-26 19:33:45.700,0.15542012989309392,0.1597125379526785,0.1595350458604902,0.1588671178876556
2024-08-26 19:33:45.800,0.1554507333031791,0.1597125379526785,0.1573553821202684,0.158516977379097
2024-08-26 19:33:45.900,0.15540653603658147,0.1597125379526785,0.1551404332118254,0.158516977379097
2024-08-26 19:33:46.000,0.15541216013934245,0.1597125379526785,0.1632195961914421,0.157528613939472
